Algorithm,Mean_Regret,Std_Regret,Mean_Beta_Error,Std_Beta_Error,Min_Regret,Max_Regret
ForcedSampling,30.75334014350251,6.676515124239692,0.5511638939131159,0.05799103727580047,23.107811009862612,39.29807892033358
EpsilonGreedy,33.884729442608915,5.755491996522747,0.573418756759041,0.04895120476619234,23.7728290800864,40.03639168911886
